"pathway","phnx_z_score","mean_path_score","sd_path_score"
"kinase binding",1.29933649421251,0.075364594,0.0282939840170358
"protein-containing complex binding",-1.06890474502754,0.12145577,0.0386430785270168
"protein kinase binding",1.4318475596363,0.070897366,0.0274335307104742
"rna binding",2.03148262556226,0.045469242,0.0220040070427026
"adenyl nucleotide binding",-1.49082729952794,0.09601089,0.0330359458909795
"adenyl ribonucleotide binding",-1.5758514292321,0.096163682,0.0313504693929643
"atp binding",-1.49986677120812,0.094044256,0.032772414819489
"cytoskeletal protein binding",-1.58468536595257,0.115188424,0.035248905050892
"transcription factor binding",7.76099012896662,0.055244968,0.0248918023074103
"transferase activity, transferring phosphorus-containing groups ",-1.20701090223193,0.055263646,0.025023507197946
"kinase activity",-1.186455063975,0.052528426,0.0242305223964266
"protein domain specific binding",4.38409973120709,0.065538576,0.0257967270212763
"phosphotransferase activity, alcohol group as acceptor ",-1.06220286292172,0.042035998,0.021479887502131
"cell adhesion molecule binding",-1.14304205241941,0.06818679,0.029392435675387
"protein homodimerization activity",-0.526757173417697,0.100016988,0.0329126756594779
"dna-binding transcription activator activity",15.0965410616534,0.087859572,0.0312065145304485
"dna-binding transcription activator activity, rna polymerase ii-specific ",15.1673769920892,0.083531712,0.0295066370561911
"protein kinase activity",-1.07766355674721,0.043619436,0.0226410514183543
"enzyme regulator activity",-0.682600131558192,0.111638056,0.033032598380151
"sequence-specific dna binding",14.0841601888899,0.173063424,0.0442125457001834
"double-stranded dna binding",15.0001734307987,0.168653058,0.0417366469053329
"dna-binding transcription factor binding",2.38584870361619,0.00987961,0.0114887377219077
"cadherin binding",-0.774735047862331,0.028955628,0.0180263278891723
"chromatin binding",6.93473912381683,0.068232086,0.0279993105051559
"protein serine kinase activity",-0.755657539437423,0.026837744,0.0191326669098856
"transcription coregulator activity",-0.728149164126393,0.02263724,0.0166686176376537
"sequence-specific double-stranded dna binding",15.6447045329003,0.15875518,0.0404510560534491
"protein-macromolecule adaptor activity",-0.962354906985802,0.034952258,0.0205560940734018
"protein dimerization activity",-0.734412931443792,0.118539876,0.0369681344616654
"molecular adaptor activity",-1.01323193388586,0.037925734,0.020928805430237
"lipid binding",1.04442300787407,0.112133752,0.0348577613912442
"ubiquitin-like protein ligase binding",0.873648705386139,0.009602156,0.0106883280916359
"protein serine/threonine kinase activity",-0.89027311062306,0.031895192,0.0196851862545135
"hydrolase activity, acting on acid anhydrides ",-0.755628824106582,0.02933688,0.0180470616855088
"hydrolase activity, acting on acid anhydrides, in phosphorus-containing anhydrides ",-0.75242584442348,0.030899822,0.0202010897321667
"cis-regulatory region sequence-specific dna binding",15.2086097140094,0.123716856,0.0365998703673261
"transcription cis-regulatory region binding",15.6914194189026,0.142442054,0.0375331211458491
"transcription regulatory region nucleic acid binding",15.1250678480554,0.142745006,0.0389185027077866
"protein c-terminus binding",-0.778547103783974,0.032359422,0.0201136474901653
"pyrophosphatase activity",-0.76073202517927,0.029899454,0.0186655136500318
"rna polymerase ii cis-regulatory region sequence-specific dna binding",14.3482079487734,0.124960148,0.0387079594875456
"rna polymerase ii-specific dna-binding transcription factor binding",2.40744204027909,0.010144824,0.0112755262830141
"gtpase binding",-0.353512782510573,0.00621832,0.00825520361463229
"nucleoside-triphosphatase activity",-0.66624975015606,0.025204216,0.016681756349472
"ubiquitin protein ligase binding",0.887604163067183,0.00945761,0.0106831292535097
"oxidoreductase activity",-1.54232155363489,0.094931136,0.0327111657624822
"structural molecule activity",-1.66664985774671,0.114538894,0.0367815073544478
"signaling receptor binding",-1.48727956866405,0.25355162,0.0508718210040109
"actin binding",-1.1358224754349,0.058553184,0.025746262846932
"transmembrane receptor protein kinase activity",-0.810560003568987,0.022521672,0.0153371396876998
"nuclear receptor binding",3.07326870132332,0.00680645,0.00942109291892794
"transition metal ion binding",2.34684778195047,0.159552688,0.0415695098550107
"small gtpase binding",-0.347064172789203,0.006484142,0.0091745050329178
"catalytic activity, acting on dna ",-0.407077920107145,0.00890051,0.00975368548349401
"protein tyrosine kinase activity",-0.604255095514817,0.015754054,0.0133288971161063
"tubulin binding",-1.11536876449055,0.056280112,0.0265742711680996
"integrin binding",-0.822404601636493,0.029614256,0.0187307512255491
"rna polymerase ii transcription regulatory region sequence-specific dna binding",15.8309785885913,0.133856996,0.0374324935558346
"transmembrane receptor protein tyrosine kinase activity",-0.59981266211946,0.01672884,0.0150527665889817
"phospholipid binding",-0.704895526679457,0.028761294,0.0190968639897773
"transcription coactivator activity",-0.511626948016345,0.010342276,0.0115558338412837
"dna-binding transcription factor activity, rna polymerase ii-specific ",16.1670121720219,0.13696548,0.0396334531812172
"gtpase regulator activity",-0.689204530933869,0.021511406,0.0157158078826375
"nucleoside-triphosphatase regulator activity",-0.681921134992272,0.0208059,0.0148490778191158
"calcium ion binding",-1.54637065197445,0.104511444,0.0338647425396594
"gtpase activator activity",-0.707928550859794,0.019662106,0.0154706375194198
"phosphoprotein binding",-0.483388147777086,0.009363414,0.0108058379669019
"protein tyrosine kinase binding",-0.673556168940296,0.013919204,0.0131706966828869
"dna-binding transcription factor activity",16.5785086010211,0.139003678,0.0386190541868504
"mrna binding",-0.358827911396921,0.006154118,0.00826055584266189
"atp-dependent activity",-0.881975069526372,0.04224402,0.024891882728374
"zinc ion binding",3.67420155760534,0.106399818,0.0337570435522967
"single-stranded dna binding",-0.344558698810354,0.009417794,0.0111092653101376
"microtubule binding",-1.12793726134088,0.053906064,0.0257780862434093
"guanyl nucleotide binding",-0.581634303206157,0.018947902,0.0142837208091135
"guanyl ribonucleotide binding",-0.566573610285497,0.018721098,0.0142631034225684
"damaged dna binding",0,0,0
"gtp binding",-0.533370903689632,0.018572232,0.0148718873585496
"cytokine receptor activity",-0.694120762881348,0.016464896,0.0136069924789363
"smad binding",2.44361954256467,0.012999632,0.0118636995223788
"nadp binding",-0.331323893853253,0.002965072,0.00568951420338829
"double-stranded rna binding",-0.212999120166702,0.00308644,0.00608659791169725
"protein phosphorylated amino acid binding",-0.314496347217482,0.003085826,0.00567836801858006
"calmodulin binding",-0.661786889220414,0.018825878,0.0146208366433463
"growth factor binding",-0.888137045033652,0.029253746,0.0183943976792242
"magnesium ion binding",-0.639625050621114,0.019328984,0.015616936813685
"tau protein binding",-0.1595120347233,0.0031588,0.00613621412138519
"gtpase activity",-0.525676022516218,0.016506936,0.0139381209835835
"histone binding",-0.32095059610849,0.0033196,0.00651065935173918
"atp hydrolysis activity",-0.431553972103131,0.009640504,0.0109615582425216
"signaling receptor complex adaptor activity",-0.368131713861941,0.006305198,0.00862516833089468
"protein n-terminus binding",-0.244425743934229,0.003656918,0.00751523947696067
"phosphatidylinositol binding",-0.549099587251543,0.014390956,0.0132415980066457
"receptor tyrosine kinase binding",-0.646872930241392,0.012335472,0.011265693244082
"heat shock protein binding",-0.40929893400363,0.01050158,0.0121710065337131
"cytokine binding",-1.00399943070223,0.037595888,0.020374401991137
"nuclear receptor activity",7.74992621641551,0.016147392,0.0140585348760124
"ligand-activated transcription factor activity",6.93422911666725,0.0170601,0.0155806648702036
"gdp binding",-0.382496770195222,0.009302126,0.0100187146627255
"signaling adaptor activity",-0.383748018542176,0.006259396,0.00815481995682556
"phosphatase binding",-0.696812499672025,0.020075496,0.0159806203322145
"sh3 domain binding",-0.581044659385739,0.013012246,0.0127498736634663
"transcription corepressor activity",-0.357717789895056,0.006500006,0.00891766104485845
"non-membrane spanning protein tyrosine kinase activity",-0.406537339628112,0.006501554,0.00853932384950339
"phosphotyrosine residue binding",-0.313113652458601,0.00313104,0.00584784465839316
"phosphoric ester hydrolase activity",-0.962782402901287,0.035438796,0.0200759755701328
"atp-dependent activity, acting on dna ",-0.148058261022737,0.002611614,0.00494139263115921
"histone deacetylase binding",-0.253579010507485,0.006116878,0.00886066238488488
"nad binding",-0.290200521433036,0.003470432,0.00641084995579271
"catalytic activity, acting on a nucleic acid ",-0.553699911492016,0.01594232,0.014633052727365
"iron-sulfur cluster binding",0,0,0
"metal cluster binding",0,0,0
"flavin adenine dinucleotide binding",-0.579482242838207,0.012915054,0.0121229840721132
"protein phosphatase binding",-0.685372237889064,0.020523322,0.0169007750236229
"actin filament binding",-0.525736100240469,0.014516194,0.0124324618321062
"transmembrane transporter binding",-0.229680971653758,0.002868602,0.00565393811533342
"chaperone binding",-0.718860695089339,0.01935971,0.0155046868971113
"chemokine binding",-0.501770283515946,0.00976719,0.0104374255950404
"promoter-specific chromatin binding",3.98182116925005,0.009605258,0.0106973016088571
"amide binding",-0.69757257016738,0.022565312,0.0163786715370109
"growth factor receptor binding",0.0940138423705543,0.025693126,0.0174960831141945
"kinase regulator activity",-0.675851640540468,0.025729378,0.0189825358561541
"beta-catenin binding",5.09381814370807,0.009904766,0.0102330378763886
"4 iron, 4 sulfur cluster binding ",0,0,0
"hydrolase activity, acting on ester bonds ",-1.15168383797395,0.054777562,0.0256038688984946
"translation initiation factor activity",0,0,0
"structural constituent of cytoskeleton",-0.822793397865757,0.028656602,0.0185545995381101
"protein kinase regulator activity",-0.652811321056921,0.024001058,0.0170050022754309
"ubiquitin-like protein binding",-0.191661510504135,0.002963734,0.00565441646134069
"atpase binding",4.97777803066883,0.01622113,0.0133832544540056
"electron transfer activity",-0.628157121384737,0.016951114,0.0141542835340305
"dna-binding transcription repressor activity, rna polymerase ii-specific ",5.90975274861477,0.028116672,0.0175021413584933
"dna-binding transcription repressor activity",5.75907448880663,0.029375222,0.017741527427469
"steroid binding",4.61241795689409,0.027278046,0.0173318972276813
"guanyl-nucleotide exchange factor activity",-0.462169018063842,0.008784126,0.00968071381925034
"general transcription initiation factor binding",5.82366743811704,0.008667942,0.00915953023877459
"ephrin receptor binding",0,0,0
"beta-tubulin binding",0,0,0
"protein serine/threonine/tyrosine kinase activity",-0.278746692570648,0.003405604,0.00658520459228325
"sulfur compound binding",-1.06190113582749,0.049035498,0.0240657977826589
"scaffold protein binding",-0.480851222491498,0.010108138,0.0114549734769519
"mitogen-activated protein kinase binding",-0.287446797008202,0.003290248,0.00640204733242337
"amyloid-beta binding",-0.356276505820764,0.005874726,0.00804073789092675
"extracellular matrix structural constituent",-1.29204404545853,0.06650959,0.0294437253387125
"calcium-dependent protein binding",-0.668978627098184,0.025576304,0.0175436157817303
"exopeptidase activity",-0.547500656011341,0.013266148,0.0127783372004856
"carboxylic acid binding",-1.07178873665033,0.04935531,0.0242634664003605
"nuclear receptor coactivator activity",0,0,0
"translation initiation factor binding",0,0,0
"tbp-class protein binding",3.62760050065587,0.006188036,0.00819328478828534
"oxidoreductase activity, acting on the aldehyde or oxo group of donors ",-0.446019711540006,0.006525498,0.00844244750304551
"transcription coregulator binding",3.41499509757281,0.006299554,0.00870878146242081
"sterol binding",-0.448016696632357,0.010112716,0.0108538722698327
"basal transcription machinery binding",6.6902816955863,0.00613093,0.00812657410761467
"basal rna polymerase ii transcription machinery binding",6.3413018055671,0.006432834,0.00852619346275774
"cyclin-dependent protein serine/threonine kinase activity",-0.24588962811726,0.002880482,0.00569557167060392
"cyclin-dependent protein kinase activity",-0.329361810974563,0.003815472,0.00709090101578405
"phosphoprotein phosphatase activity",-0.584167858988933,0.012725118,0.0120600917897016
"ubiquitin binding",-0.211273692675615,0.003176972,0.00613882392821779
"epidermal growth factor receptor binding",-0.614866612037262,0.01309379,0.0123177773060493
"phosphatidylinositol phosphate binding",-0.49045469380377,0.013454694,0.0129159616169042
"g protein-coupled chemoattractant receptor activity",-0.240756586219362,0.00321946,0.00614504476588653
"chemokine receptor activity",-0.256679431902882,0.00322363,0.00578008915245437
"phospholipase binding",0,0,0
"dna helicase activity",0,0,0
"single-stranded rna binding",0.892729159281659,0.003245,0.0062560967589476
"hsp90 protein binding",-0.303342281053911,0.006411824,0.0092694760197319
"structural constituent of ribosome",0,0,0
"oxidoreductase activity, acting on the aldehyde or oxo group of donors, nad or nadp as acceptor ",-0.252763395182472,0.00334078,0.00657049253038032
"lyase activity",-0.582697010102489,0.016075586,0.0139447875295787
"ribonucleoprotein complex binding",-0.196120177450993,0.003135288,0.00629862779064982
"kinase activator activity",-0.461242511502284,0.00989168,0.0112775381069233
"histone acetyltransferase binding",2.43581093210472,0.003003966,0.00545856569767147
"retinoic acid receptor binding",-0.252443026407475,0.002768028,0.00557760703489295
"phosphatase activity",-0.884140898121766,0.029813726,0.0190396417989043
"telomeric dna binding",0,0,0
"protein kinase activator activity",-0.504176343647123,0.01055081,0.0116245239861988
"c-c chemokine binding",-0.443202757708306,0.006507552,0.00811716970941713
"protein self-association",-0.215082765151018,0.003389272,0.00659872490947136
"helicase activity",-0.356575182186226,0.003717036,0.00686260884730335
"cyclin-dependent protein serine/threonine kinase regulator activity",-0.438327083833578,0.00955371,0.0100010019040128
"microtubule plus-end binding",-0.334560977141182,0.006555104,0.00892245122401203
"core promoter sequence-specific dna binding",2.57197245401285,0.01244441,0.0120318512555288
"bhlh transcription factor binding",0,0,0
"transferase activity, transferring alkyl or aryl (other than methyl) groups ",-0.467612470007462,0.00897999,0.00987995465545707
"dna secondary structure binding",-0.26562491360891,0.003529684,0.00677528314474953
"phosphatidylinositol-3,4,5-trisphosphate binding ",0,0,0
"dna replication origin binding",-0.311346717268566,0.009040762,0.0103767337852262
"insulin receptor binding",-0.448285581847121,0.006978202,0.0092757879538898
"c-c chemokine receptor activity",-0.253947700349472,0.003487126,0.00687986541164059
"ubiquitin-protein transferase regulator activity",-0.115184598508595,0.002514294,0.00455177173674723
"peptidase activator activity",0,0,0
"estrogen receptor binding",4.72385444331949,0.003342694,0.00657456879178855
"rna polymerase binding",0,0,0
"nadph binding",0,0,0
"protein tyrosine phosphatase activity",-0.497344278939874,0.00940708,0.0101480608377726
"mrna 3 -utr binding",0,0,0
"proteoglycan binding",-0.609678177543776,0.01653555,0.0138360700951845
"thyroid hormone receptor binding",0,0,0
"nf-kappab binding",0,0,0
"oxidoreductase activity, acting on the ch-ch group of donors ",-0.375239740689294,0.006406324,0.00886453016380869
"manganese ion binding",-0.340873390655103,0.006434674,0.00881463347498469
"monosaccharide binding",-0.255732058403439,0.003556838,0.00659611474029145
"chromatin dna binding",-0.386658447397314,0.00666383,0.00882905836657459
"phosphoric diester hydrolase activity",-0.372659521392904,0.006288118,0.0084745399451912
"active ion transmembrane transporter activity",-0.667272014024844,0.019446508,0.0156105872583653
"methylated histone binding",0,0,0
"methylation-dependent protein binding",0,0,0
"tau-protein kinase activity",0,0,0
"p53 binding",-0.378413599027847,0.006814318,0.00923412374443461
"e-box binding",1.49334425612062,0.006826684,0.00859367553556481
"collagen binding",-0.641254749663756,0.019198302,0.0145469519015513
"glucocorticoid receptor binding",0,0,0
"hmg box domain binding",3.31810242379817,0.006273886,0.00850670365012124
"enzyme activator activity",-0.165444169239115,0.002804196,0.00570703702851784
"dna binding, bending ",4.45597735426029,0.013163406,0.0123691369183696
"dna polymerase binding",0,0,0
"unfolded protein binding",-0.300639902512739,0.003344984,0.00640295577503532
"g protein-coupled receptor binding",-1.4088162237162,0.071544688,0.0270686036674163
"sh2 domain binding",0,0,0
"cholesterol binding",-0.463279976228628,0.010526386,0.011389195024039
"carbon-oxygen lyase activity",-0.312386160617781,0.002983602,0.00548552469997758
"molecular function activator activity",-0.203445981516447,0.00307167,0.00595573326623827
"aminopeptidase activity",0,0,0
"snap receptor activity",0,0,0
"hydrolase activity, hydrolyzing n-glycosyl compounds ",0,0,0
"peptide binding",-0.585071015175205,0.016468292,0.0144055880079379
"peptidase activity",-1.35216356549404,0.079477158,0.0298019847807958
"transmembrane receptor protein tyrosine kinase adaptor activity",-0.207322252266893,0.002740044,0.00516125976975445
"retinoid x receptor binding",0,0,0
"monocarboxylic acid binding",-0.809708770843907,0.028503052,0.0179978932237716
"molecular carrier activity",-0.452895130295524,0.006819898,0.00907472331910083
"modification-dependent protein binding",0,0,0
"deoxyribonuclease activity",-0.181167628035781,0.002759936,0.00529860665731302
"g-protein beta/gamma-subunit complex binding",0,0,0
"adrenergic receptor binding",-0.314963603508105,0.003283858,0.00623519028270663
"translation factor activity, rna binding ",-0.11544403324193,0.003246854,0.00672926939733638
"metalloexopeptidase activity",-0.449399722897064,0.009258734,0.0104333264154548
"alcohol binding",-0.566196532294462,0.016214428,0.0143138071989906
"r-smad binding",3.90542833891522,0.006559788,0.00843446842226517
"chemorepellent activity",-0.43429800287106,0.00667397,0.00912730423302655
"calcium-dependent protein kinase activity",0,0,0
"actinin binding",-0.399727303162086,0.006503022,0.00838827363924244
"cysteine-type endopeptidase regulator activity involved in apoptotic process",0,0,0
"protein serine/threonine kinase activator activity",-0.384207914825837,0.005760014,0.00754803294803177
"protein kinase a binding",-0.158395241542132,0.003176774,0.00654548703550683
"cell adhesion mediator activity",-0.347632133656388,0.007359002,0.0101227753688567
"exogenous protein binding",-0.548107163630811,0.013059176,0.0130069017028976
"oxidoreductase activity, acting on paired donors, with incorporation or reduction of molecular oxygen ",-0.904612940421254,0.032482654,0.0197019666684189
"nuclease activity",-0.421412445423838,0.009028904,0.0102960983879727
"protein kinase b binding",0,0,0
"translation regulator activity, nucleic acid binding ",-0.138233644501467,0.003346762,0.00634260930587483
"dioxygenase activity",-0.702032889767846,0.017662124,0.0144467932312315
"virus receptor activity",-0.486674231692541,0.009459776,0.010334995511284
"oxidoreductase activity, acting on paired donors, with incorporation or reduction of molecular oxygen, nad(p)h as one donor, and incorporation of one atom of oxygen ",-0.542384385229193,0.010110326,0.0115975425755333
"growth factor activity",-0.758049264413397,0.025558062,0.0179540600313515
"spectrin binding",-0.329330203201304,0.005813188,0.00781339814868767
"cytoskeletal anchor activity",0,0,0
"gtp-dependent protein binding",0,0,0
"calcium-dependent protein serine/threonine kinase activity",0,0,0
"atpase-coupled intramembrane lipid transporter activity",0,0,0
"kinesin binding",-0.452120801866382,0.005713482,0.00748357957880456
"rna polymerase ii complex binding",0,0,0
"g protein activity",-0.275236584825222,0.003082752,0.00604117363633132
"metallopeptidase activity",-0.795733914398392,0.029341572,0.0185634566187466
"nucleocytoplasmic carrier activity",0,0,0
"modified amino acid binding",-0.67386402723148,0.022687876,0.016869688157571
"protein kinase c binding",-0.227189687277343,0.00343207,0.00683160410404238
"structural constituent of muscle",-0.416598716179184,0.006812742,0.00884002244120217
"extracellular matrix binding",-0.497502586508391,0.010563764,0.0118668006159209
"active transmembrane transporter activity",-1.00045372765557,0.0401472,0.0214974460142192
"h4 histone acetyltransferase activity",0,0,0
"thioesterase binding",-0.300102423121936,0.003064226,0.00581210235443948
"platelet-derived growth factor binding",-0.253583263500982,0.003189414,0.00622838423243924
"glycolipid binding",0,0,0
"transporter activity",-1.83085159850092,0.137453802,0.0390762430218695
"peptidase activator activity involved in apoptotic process",0,0,0
"inositol phosphate phosphatase activity",-0.249712869194658,0.003004842,0.00558578340194667
"cadherin binding involved in cell-cell adhesion",-0.20289375723764,0.003187054,0.00624491367921172
"histone acetyltransferase activity",0,0,0
"semaphorin receptor binding",-0.331737376001209,0.00376054,0.00711568900813695
"dynein complex binding",-0.461123685807679,0.009823674,0.0115016299601058
"isomerase activity",-0.397480084903572,0.009616634,0.0106587327539386
"carbohydrate kinase activity",0,0,0
"oxidoreductase activity, acting on nad(p)h ",-0.410147773315695,0.006159314,0.00858060003971092
"hsp70 protein binding",0,0,0
"hormone binding",1.76347160820338,0.009523758,0.0107289745476968
"steroid hormone receptor activity",6.66375878408834,0.009151498,0.00956644801612838
"translation regulator activity",-0.160300687399565,0.003571854,0.00687366983806827
"protease binding",-0.609643292396097,0.018593134,0.014308586855299
"myosin binding",-0.538616930921499,0.013742322,0.0131490890713055
"coreceptor activity",0,0,0
"atpase regulator activity",-0.196507598323068,0.002982076,0.00571008963304946
"general transcription initiation factor activity",-0.32529906406952,0.003791866,0.00701467127342347
"rna polymerase core enzyme binding",0,0,0
"protein folding chaperone",-0.42538466476377,0.007224244,0.0100009341012858
"metalloaminopeptidase activity",0,0,0
"exonuclease activity, active with either ribo- or deoxyribonucleic acids and producing 5 -phosphomonoesters ",-0.208416197614842,0.00312129,0.00633967040528096
"enoyl-coa hydratase activity",0,0,0
"1-phosphatidylinositol-3-kinase activity",0,0,0
"igg binding",-0.329360632543307,0.003116386,0.00615248393334791
"oxidized dna binding",0,0,0
"rage receptor binding",-0.429139717238041,0.012269914,0.0122568799594058
"ubiquitin-protein transferase inhibitor activity",0,0,0
"armadillo repeat domain binding",0,0,0
"lipopeptide binding",0,0,0
"g-rich strand telomeric dna binding",0,0,0
"four-way junction dna binding",0,0,0
"signal sequence binding",0,0,0
"plus-end-directed microtubule motor activity",-0.364837800116618,0.007132436,0.00935329617410595
"fibroblast growth factor binding",-0.372697848849985,0.008874244,0.010099988533916
"ribosomal small subunit binding",0,0,0
"oxidoreductase activity, acting on nad(p)h, oxygen as acceptor ",-0.349104938465606,0.003319988,0.00641637442840323
"nad+ binding",0,0,0
"acetyltransferase activity",-0.348873639365834,0.00395624,0.00712647709502893
"transcription coactivator binding",3.56719953893993,0.006328282,0.0083291438215507
"prenyltransferase activity",0,0,0
"phosphatidylinositol monophosphate phosphatase activity",0,0,0
"phosphatidylinositol bisphosphate binding",-0.49534819501878,0.013285516,0.0124468324746116
"vitamin binding",-0.937731464214787,0.034472106,0.0192188346960192
"fad binding",-0.274815703576364,0.003739014,0.00723762861479749
"cargo receptor activity",-0.527740726190594,0.0098548,0.0107530075250447
"structural constituent of nuclear pore",0,0,0
"transferase activity, transferring one-carbon groups ",-0.50047622993785,0.012446928,0.0119025193279204
"transforming growth factor beta receptor binding",0,0,0
"cyclin binding",-0.317761125342561,0.003563106,0.00655557220145893
"methyltransferase activity",-0.523429602452319,0.013075538,0.0125815161564155
"rna polymerase ii ctd heptapeptide repeat kinase activity",-0.282822158935867,0.003471312,0.0070408627368252
"mitogen-activated protein kinase kinase binding",0,0,0
"insulin-like growth factor i binding",-0.599041246595324,0.01017075,0.0112575720592336
"annealing activity",0,0,0
"cytokine receptor binding",-0.261784384950888,0.042324972,0.0242755961215648
"atpase-coupled cation transmembrane transporter activity",0,0,0
"nad+ nucleosidase activity",0,0,0
"aldehyde dehydrogenase (nad+) activity",-0.216440882259689,0.002931256,0.00578105202185751
"phosphatidylinositol-3-phosphatase activity",0,0,0
"gdp-dissociation inhibitor activity",-0.223577862443561,0.003524596,0.00695326443776353
"phospholipase activator activity",0,0,0
"phosphatidylinositol phosphate kinase activity",0,0,0
"oxidoreductase activity, acting on the ch-ch group of donors, nad or nadp as acceptor ",0,0,0
"lrr domain binding",0,0,0
"histone kinase activity",-0.268912031169843,0.002978322,0.00557179235708375
"wnt-activated receptor activity",0,0,0
"activin binding",0,0,0
"nad(p)+ nucleosidase activity",0,0,0
"alpha-actinin binding",-0.279069475853997,0.003367758,0.00658530638070025
"phosphatidylinositol kinase activity",0,0,0
"nad+ nucleotidase, cyclic adp-ribose generating ",0,0,0
"proline-rich region binding",0,0,0
"sulfur amino acid transmembrane transporter activity",-0.30836696455992,0.003293108,0.00607428231708663
"double-stranded telomeric dna binding",0,0,0
"non-membrane spanning protein tyrosine phosphatase activity",0,0,0
"mannosyl-oligosaccharide mannosidase activity",0,0,0
"nad(p)h oxidase h2o2-forming activity",-0.347649624447329,0.003287842,0.00635076768315191
"phosphotransferase activity, phosphate group as acceptor ",-0.402205207027564,0.006145152,0.00839161686877091
"g protein-coupled serotonin receptor binding",0,0,0
"oxidized purine dna binding",0,0,0
"type i transforming growth factor beta receptor binding",0,0,0
"neurotrophin binding",0,0,0
"cysteine-type endopeptidase activity involved in apoptotic signaling pathway",0,0,0
"ubiquitin ligase inhibitor activity",0,0,0
"clathrin binding",-0.338449719492053,0.006437376,0.00906301829590384
"snorna binding",0,0,0
"androgen receptor binding",0,0,0
"glycosyltransferase activity",-0.860796100317812,0.032490494,0.019994855917267
"phosphatidylinositol phosphate phosphatase activity",-0.247421890802908,0.003042162,0.00578833988921713
"ubiquitin-like protein conjugating enzyme activity",0,0,0
"s-adenosylmethionine-dependent methyltransferase activity",-0.488691450584388,0.012864366,0.0130437436390127
"antiporter activity",-0.444596391010664,0.006723392,0.0088695996632717
"cell-cell adhesion mediator activity",-0.306755917661169,0.006467608,0.008565794003369
"copper ion binding",-0.42247143122612,0.0061954,0.00869975986147288
"enzyme inhibitor activity",-0.350555006427665,0.006286104,0.00843263951676006
"rna polymerase ii general transcription initiation factor binding",5.96786135504077,0.00676816,0.00900353356141816
"ion channel regulator activity",-0.317438517589337,0.006627694,0.00944338457338075
"transforming growth factor beta-activated receptor activity",-0.341705771866728,0.003051448,0.00594502103052654
"macrolide binding",-0.431845324033406,0.009993742,0.0110774430884655
"semaphorin receptor activity",-0.218127392981749,0.002871932,0.00528100567403922
"vinculin binding",0,0,0
"toll-like receptor binding",-0.398073056307634,0.007004334,0.00980808406430476
"single-stranded telomeric dna binding",0,0,0
"mdm2/mdm4 family protein binding",0,0,0
"oligopeptide binding",-0.282351192100964,0.00335451,0.00660351382307352
"fatty acid binding",-0.754166160227047,0.020600628,0.0149444891515776
"oxidoreductase activity, acting on the ch-oh group of donors, nad or nadp as acceptor ",-0.528093217518672,0.012920952,0.0128025730604293
"ubiquitin conjugating enzyme activity",0,0,0
"rrna binding",0,0,0
"map kinase kinase activity",0,0,0
"lamin binding",0,0,0
"phosphatidylcholine transporter activity",0,0,0
"nad-dependent protein deacetylase activity",-0.265089420116644,0.003447086,0.00693006155881909
"channel regulator activity",-0.451952994650193,0.01001212,0.0113333024908143
"protein kinase inhibitor activity",-0.321391648132138,0.003564856,0.00667365195226902
"platelet-derived growth factor receptor binding",0,0,0
"cysteine-type endopeptidase activator activity involved in apoptotic process",0,0,0
"gtpase activating protein binding",0,0,0
"vitamin d receptor binding",0,0,0
"i-smad binding",0,0,0
"rna polymerase ii general transcription initiation factor activity",-0.286606571199977,0.003134378,0.0056676230178498
"map kinase kinase kinase activity",-0.274492744086685,0.003134588,0.00639211067614197
"ferrous iron binding",-0.309476104256473,0.00328981,0.00639729521203766
"primary active transmembrane transporter activity",-0.74507750257169,0.019831476,0.0149937099985449
"wnt-protein binding",-0.528557285384908,0.010387478,0.0116495944153262
"intramembrane lipid transporter activity",0,0,0
"bubble dna binding",0,0,0
"retinal dehydrogenase activity",0,0,0
"manganese ion transmembrane transporter activity",0,0,0
"c-x-c chemokine receptor activity",0,0,0
"tpr domain binding",0,0,0
"angiotensin receptor binding",0,0,0
"lysophosphatidic acid binding",0,0,0
"importin-alpha family protein binding",0,0,0
"phosphatidylinositol-3,5-bisphosphate phosphatase activity ",0,0,0
"pdz domain binding",-0.30479133254827,0.003349028,0.00646024932381621
"ion transmembrane transporter activity",-1.38198109132167,0.084022556,0.0322403513910519
"protein serine/threonine phosphatase activity",-0.400816949354909,0.00637771,0.00900089181808902
"hydro-lyase activity",-0.330666852403533,0.003283338,0.00608872037026258
"exonuclease activity",-0.229372417876775,0.003250136,0.00632218997132885
"inorganic cation transmembrane transporter activity",-1.0502556017694,0.051840252,0.0255111726658354
"disordered domain specific binding",0,0,0
"ribonuclease activity",-0.350041811922078,0.006855444,0.00975724580228234
"laminin binding",-0.25654709846638,0.003677024,0.00731648890679611
"phosphatidylinositol-3,4-bisphosphate binding ",0,0,0
"gamma-tubulin binding",0,0,0
"nucleotidyltransferase activity",-0.32009071281538,0.003642584,0.00738098265713406
"rna polymerase ii core promoter sequence-specific dna binding",2.7208450285901,0.00978761,0.0116185926312683
"transmembrane receptor protein tyrosine phosphatase activity",-0.277373867321214,0.003316392,0.00644037600676801
"death receptor binding",0,0,0
"transmembrane receptor protein phosphatase activity",-0.277660044731504,0.003198342,0.00600857786943484
"extracellular matrix structural constituent conferring tensile strength",-0.792504460211887,0.023233288,0.0165087878451839
"3 -5*&*exonuclease activity",0,0,0
"peptidase regulator activity",-1.02726182845559,0.043996088,0.0217238559652806
"snare binding",-0.421691931069512,0.00908614,0.010472431826712
"cation transmembrane transporter activity",-1.21718378748113,0.061850526,0.0255208180715942
"adenyl-nucleotide exchange factor activity",0,0,0
"aldehyde dehydrogenase [nad(p)+] activity",-0.215592345069385,0.003005532,0.00614832590449072
"icosanoid receptor activity",-0.278279482712678,0.003074942,0.00594705000838571
"prostanoid receptor activity",-0.296440528568784,0.003116324,0.00572230797249573
"voltage-gated anion channel activity",0,0,0
"amino acid transmembrane transporter activity",-0.455888738963226,0.01017554,0.0108042589759983
"mannosidase activity",0,0,0
"2-oxoglutarate-dependent dioxygenase activity",-0.23886528405732,0.002768964,0.00556365486615078
"nad-dependent histone deacetylase activity",-0.254863552457616,0.00319871,0.00623357080555565
"kinase inhibitor activity",-0.279202682811351,0.00301236,0.00570324032694167
"myosin v binding",0,0,0
"mismatch repair complex binding",0,0,0
"ubiquitin-ubiquitin ligase activity",0,0,0
"phosphatidylinositol bisphosphate phosphatase activity",-0.242531401764547,0.002847564,0.00510269594368422
"glutathione binding",-0.275020666815615,0.00318501,0.00616320954939872
"insulin receptor substrate binding",0,0,0
"inositol trisphosphate phosphatase activity",-0.251822053237478,0.00328808,0.00666375314801166
"lysine-acetylated histone binding",0,0,0
"structural molecule activity conferring elasticity",-0.28374910461983,0.002811376,0.00507975523634223
"acetylation-dependent protein binding",0,0,0
"endoribonuclease activity, producing 5 -phosphomonoesters ",-0.203137798073108,0.002848046,0.00515928601147294
"sumo binding",0,0,0
"histone h3-methyl-lysine-9 demethylase activity",0,0,0
"protein kinase a catalytic subunit binding",0,0,0
"gamma-catenin binding",-0.269257580406169,0.003040166,0.00560862946819158
"cysteine-type endopeptidase activity involved in apoptotic process",0,0,0
"sequence-specific single stranded dna binding",0,0,0
"lipid transporter activity",-0.662387816883967,0.019522068,0.0150396304794131
"endodeoxyribonuclease activity",-0.20882229307309,0.002882916,0.00518582563223252
"ligase activity, forming carbon-sulfur bonds ",-0.399500979742493,0.006917644,0.00928068812844926
"molecular function inhibitor activity",-0.461363149691095,0.009409358,0.0104459101322392
"endopeptidase activity",-1.20644845383472,0.06482642,0.0264217007354771
"iron ion binding",-0.987184902753658,0.039982888,0.0215085217984725
"purinergic nucleotide receptor activity",-0.295476081792152,0.003053956,0.00563144058871907
"nucleotide receptor activity",-0.317172489704053,0.003625858,0.00704934404016638
"nuclear import signal receptor activity",0,0,0
"phosphatidic acid binding",0,0,0
"calcium ion transmembrane transporter activity",-0.50580338773172,0.013583806,0.0130956141470395
"nucleobase-containing compound kinase activity",-0.396915471126592,0.006161456,0.00854452962081272
"g-protein alpha-subunit binding",-0.339528980679317,0.006112186,0.00813534678092433
"mrna 5 -utr binding",0,0,0
"oxidoreductase activity, acting on ch-oh group of donors ",-0.444695352259406,0.011037428,0.010968021085039
"acyltransferase activity",-0.640640425772595,0.015707942,0.0132959795500379
"acetyl-coa c-acyltransferase activity",0,0,0
"mannosyl-oligosaccharide 1,2-alpha-mannosidase activity ",0,0,0
"transmembrane receptor protein serine/threonine kinase activity",-0.501275116741056,0.007014096,0.00922466694549427
"calcium-dependent protein serine/threonine phosphatase activity",0,0,0
"interleukin-1 receptor activity",0,0,0
"vascular endothelial growth factor-activated receptor activity",0,0,0
"interleukin-6 receptor binding",-0.304791099210275,0.003178062,0.00586651645875794
"phosphofructokinase activity",0,0,0
"phosphotransferase activity, nitrogenous group as acceptor ",0,0,0
"sodium ion binding",-0.278703915218397,0.003399272,0.00667113699692034
"type 1 angiotensin receptor binding",0,0,0
"1-phosphatidylinositol-4-phosphate 3-kinase activity",0,0,0
"lbd domain binding",-0.298032344165362,0.00353766,0.00693770337508323
"phosphatidylinositol-3,5-bisphosphate 3-phosphatase activity ",0,0,0
"sterol transporter activity",0,0,0
"glycosaminoglycan binding",-1.00475729992096,0.042875696,0.0210585143314356
"macromolecule transmembrane transporter activity",-0.374013435660706,0.007061598,0.00970980626293457
"histone demethylase activity",0,0,0
"cysteine-type endopeptidase inhibitor activity involved in apoptotic process",0,0,0
"modified amino acid transmembrane transporter activity",0,0,0
"protein demethylase activity",0,0,0
"3 ,5 -cyclic-amp phosphodiesterase activity ",0,0,0
"alpha-mannosidase activity",0,0,0
"insulin-like growth factor receptor binding",-0.395752001992977,0.006211524,0.0085698214612195
"c4-dicarboxylate transmembrane transporter activity",-0.279452508442315,0.00330209,0.00673491896884691
"oxidoreductase activity, acting on the ch-nh2 group of donors, oxygen as acceptor ",-0.261144238132565,0.003362754,0.00625230719879471
"flippase activity",0,0,0
"protein heterodimerization activity",0.540496753860595,0.04222567,0.0226538455828693
"3 -5 -exoribonuclease activity",0,0,0
"glutamate receptor binding",-0.131741624984412,0.00274508,0.00520017875960661
"metal ion transmembrane transporter activity",-1.06739236287069,0.044434852,0.0224920589982789
"hexosyltransferase activity",-0.800806711392427,0.025034684,0.0165154509969122
"tetrapyrrole binding",-0.841684626136711,0.035112114,0.0215782888697435
"single-stranded dna endodeoxyribonuclease activity",0,0,0
"nucleoside binding",0,0,0
"dystroglycan binding",-0.355161781609733,0.003271914,0.0061715930978423
"endonuclease activity",-0.374869268512871,0.006091032,0.00811224673621275
"prostaglandin receptor activity",-0.275415660502122,0.002895492,0.0053573278923572
"fk506 binding",-0.211401874011561,0.003259542,0.00633647173783682
"camp response element binding protein binding",0,0,0
"fucosyltransferase activity",0,0,0
"ubiquitin-like modifier activating enzyme activity",0,0,0
"oxidoreductase activity, acting on nad(p)h, heme protein as acceptor ",0,0,0
"dna n-glycosylase activity",0,0,0
"sirna binding",0,0,0
"g protein-coupled glutamate receptor binding",0,0,0
"ap-2 adaptor complex binding",0,0,0
"serine-type exopeptidase activity",0,0,0
"co-smad binding",1.4062173386703,0.006038372,0.00834268478803803
"bmp receptor binding",0,0,0
"dna polymerase activity",0,0,0
"fatty-acyl-coa binding",0,0,0
"oxidoreductase activity, acting on the ch-nh2 group of donors ",-0.309778821699677,0.006468756,0.00942206437478694
"hydrolase activity, acting on glycosyl bonds ",-0.357487303969808,0.006094316,0.00809627633725544
"sumo transferase activity",0,0,0
"lipase activator activity",0,0,0
"protein kinase a regulatory subunit binding",0,0,0
"exoribonuclease activity, producing 5 -phosphomonoesters ",0,0,0
"sodium channel regulator activity",0,0,0
"cytoskeletal motor activity",-0.455654147983436,0.009464256,0.0101925024068229
"phosphatidylinositol-4,5-bisphosphate binding ",-0.374161239778728,0.009204048,0.0101935946178058
"organic acid binding",-0.91324198687406,0.037273552,0.0203708899364978
"nucleosome binding",0,0,0
"carbohydrate binding",-0.981223419585325,0.036226552,0.0201651852218958
"peptide-lysine-n-acetyltransferase activity",0,0,0
"calcium-dependent protein kinase c activity",0,0,0
"lipoprotein particle receptor activity",-0.325038198823504,0.003230834,0.00621722002925974
"mitogen-activated protein kinase kinase kinase binding",0,0,0
"cxcr chemokine receptor binding",-0.65785004619206,0.01957506,0.0157559614991255
"cyclic-nucleotide phosphodiesterase activity",-0.29564594180919,0.003710068,0.00734009060540584
"calmodulin-dependent protein kinase activity",-0.235169088543121,0.00323185,0.00664139156075189
"nuclear localization sequence binding",0,0,0
"transmembrane transporter activity",-1.60735757840389,0.120390048,0.0375293268968197
"lipoprotein particle receptor binding",-0.331245530612191,0.006559972,0.00860380514337152
"exodeoxyribonuclease activity",-0.234369104764435,0.003344948,0.00659194394053274
"exodeoxyribonuclease activity, producing 5 -phosphomonoesters ",-0.216011732349446,0.003151386,0.0062560768588895
"atpase-coupled ion transmembrane transporter activity",0,0,0
"protein-membrane adaptor activity",-0.36750211778357,0.00623585,0.00902266909371331
"atpase activity, coupled to transmembrane movement of ions, rotational mechanism ",0,0,0
"proton-transporting atpase activity, rotational mechanism ",0,0,0
"low-density lipoprotein particle receptor binding",-0.342420681518974,0.007044114,0.009736894352321
"secondary active transmembrane transporter activity",-0.814371533770831,0.029082924,0.0182999078209354
"inorganic molecular entity transmembrane transporter activity",-1.35446788103093,0.071793234,0.0279122410575172
"tumor necrosis factor receptor superfamily binding",0,0,0
"protein serine/threonine kinase inhibitor activity",0,0,0
"map kinase activity",0,0,0
"low-density lipoprotein particle receptor activity",-0.313326255841034,0.00323295,0.00645636923905394
"gtpase inhibitor activity",0,0,0
"nitric-oxide synthase binding",0,0,0
"muscle alpha-actinin binding",0,0,0
"rna polymerase iii general transcription initiation factor activity",0,0,0
"creatine kinase activity",0,0,0
"phospholipase c activity",-0.251291761353451,0.003245074,0.00658626447236397
"neurotrophin trk receptor binding",0,0,0
"neurotrophin trka receptor binding",0,0,0
"primary amine oxidase activity",-0.228859547144113,0.003189816,0.00637865458625921
"dna-methyltransferase activity",0,0,0
"neutral amino acid transmembrane transporter activity",-0.409610799485994,0.009713256,0.0108963338017474
"c-acetyltransferase activity",0,0,0
"diphosphotransferase activity",0,0,0
"4-galactosyl-n-acetylglucosaminide 3-alpha-l-fucosyltransferase activity",0,0,0
"pyrimidine nucleotide binding",0,0,0
"centromeric dna binding",0,0,0
"c-x-c chemokine binding",0,0,0
"mhc class i protein complex binding",0,0,0
"dna insertion or deletion binding",0,0,0
"mutlalpha complex binding",0,0,0
"histone serine kinase activity",0,0,0
"glyceraldehyde-3-phosphate dehydrogenase (nad+) (non-phosphorylating) activity",-0.256135953737978,0.00333221,0.00645051963962147
"syndecan binding",-0.240499029986044,0.00315542,0.00617640744782297
"5 -deoxyribose-5-phosphate lyase activity",0,0,0
"chromo shadow domain binding",0,0,0
"calcitonin family receptor activity",0,0,0
"ligand-gated cation channel activity",-0.384306762834113,0.00683025,0.00934214629355805
"sulfatide binding",0,0,0
"phosphorylation-dependent protein binding",0,0,0
"floppase activity",0,0,0
"steroid hormone binding",0,0,0
"c-acyltransferase activity",0,0,0
"organic anion transmembrane transporter activity",-0.726364080520431,0.02569585,0.0177402081759983
"cysteine-type endopeptidase activity",-0.316861377667499,0.006530868,0.00861849437158499
"neurotrophin receptor binding",0,0,0
"phosphatidylinositol 3-kinase activity",0,0,0
"exoribonuclease activity",0,0,0
"pyrophosphate hydrolysis-driven proton transmembrane transporter activity",0,0,0
"demethylase activity",0,0,0
"pre-mrna binding",0,0,0
"phosphatidylinositol 3-kinase binding",0,0,0
"lipoprotein particle binding",-0.393817873887078,0.009442564,0.0111030105282976
"protein-lipid complex binding",-0.466640571433759,0.010128846,0.0108409904960827
"potassium channel regulator activity",-0.245941190904687,0.00310107,0.00622535002928142
"ciliary neurotrophic factor receptor binding",-0.275416242555414,0.003067562,0.00609100605118622
"axon guidance receptor activity",0,0,0
"ubiquinol-cytochrome-c reductase activity",0,0,0
"jun kinase binding",0,0,0
"h3 histone acetyltransferase activity",0,0,0
"aryl hydrocarbon receptor binding",0,0,0
"extracellular matrix constituent conferring elasticity",-0.278533621554495,0.003054586,0.00604805262143339
"nitric-oxide synthase regulator activity",3.36867667271975,0.006306664,0.00874923267011088
"clathrin heavy chain binding",0,0,0
"cd4 receptor binding",0,0,0
"androstan-3-alpha,17-beta-diol dehydrogenase activity ",0,0,0
"cyclin-dependent protein serine/threonine kinase activator activity",0,0,0
"snrnp binding",0,0,0
"cysteine-type endopeptidase activity involved in execution phase of apoptosis",0,0,0
"acyltransferase activity, transferring groups other than amino-acyl groups ",-0.446477951284622,0.00891228,0.0101959794137695
"rna methyltransferase activity",0,0,0
"heparin binding",-0.90976889239261,0.040970638,0.0222371177660244
"mrna 3 -utr au-rich region binding",0,0,0
"phosphatidylinositol-3,5-bisphosphate binding ",0,0,0
"deacetylase activity",-0.388435329777063,0.006495514,0.00881874983402263
"heme binding",-0.885484939964277,0.032593704,0.0190671836843223
"carboxylic acid transmembrane transporter activity",-0.773023274345039,0.02645029,0.0179299776086864
"endonuclease activity, active with either ribo- or deoxyribonucleic acids and producing 5 -phosphomonoesters ",-0.229653558190714,0.003118884,0.00574292865475545
"oxidoreduction-driven active transmembrane transporter activity",-0.400216007997143,0.006427324,0.00878856399973163
"ww domain binding",-0.16565496264548,0.002931858,0.00550456192460395
"phosphatase activator activity",0,0,0
"3 -5*&*dna helicase activity",0,0,0
"d-threo-aldose 1-dehydrogenase activity",-0.332825692215491,0.00342744,0.00645214612401263
"fatty acid derivative binding",0,0,0
"monooxygenase activity",-0.844582518191144,0.02691316,0.0176692740834385
"n-methyltransferase activity",-0.490198438621483,0.00963596,0.010191709329082
"histone-lysine n-methyltransferase activity",-0.343791794975453,0.005887622,0.0079630230855145
"disulfide oxidoreductase activity",0,0,0
"phosphatidylinositol phospholipase c activity",-0.286292587144679,0.003489718,0.00663558221659429
"dicarboxylic acid transmembrane transporter activity",-0.479549924321881,0.007149074,0.00950698513079084
"poly-purine tract binding",0,0,0
"phospholipid transporter activity",0,0,0
"histone methyltransferase activity",-0.370213859916824,0.006493778,0.00903201733384928
"adp binding",-0.20847290052558,0.003490728,0.00667102532988144
"protein transmembrane transporter activity",-0.275399241946178,0.003494814,0.00673500038305295
"protein deacetylase activity",-0.269540015398364,0.003243412,0.00605999816979278
"pattern recognition receptor activity",-0.205302809355504,0.002836766,0.00509864430635924
"quaternary ammonium group binding",-0.180319442257489,0.003092048,0.00600072840983436
"acyl-coa binding",0,0,0
"protein tag",0,0,0
"phosphatidylinositol phosphate 5-phosphatase activity",-0.259209612583973,0.003046298,0.00554106765440537
"rna stem-loop binding",0,0,0
"3 ,5 -cyclic-gmp phosphodiesterase activity ",-0.242926038215157,0.003090626,0.00638311978161281
"intramolecular oxidoreductase activity",-0.263065515648106,0.00318566,0.00610365062879559
"cysteine-type peptidase activity",-0.490940924442501,0.011616808,0.0124593565039339
"nucleoside diphosphate kinase activity",-0.39696615576254,0.006103236,0.00839677627831301
"protein kinase c activity",0,0,0
"calcium-release channel activity",0,0,0
"single-stranded dna helicase activity",0,0,0
"camp response element binding",0,0,0
"structural constituent of synapse",-0.365394078100318,0.00340228,0.00649238764988604
"cargo adaptor activity",0,0,0
"protein transporter activity",-0.449292081941383,0.006576486,0.00884165592866664
"3 ,5 -cyclic-nucleotide phosphodiesterase activity ",-0.299194758758047,0.003735496,0.00733801624438033
"complement component c3b binding",0,0,0
"lipopolysaccharide immune receptor activity",0,0,0
"n-acetyllactosamine synthase activity",0,0,0
"acetyl-coa c-acetyltransferase activity",0,0,0
"acyl-coa dehydrogenase activity",-0.275032042619077,0.002927952,0.00581005756559494
"3-chloroallyl aldehyde dehydrogenase activity",-0.250937637804206,0.00325245,0.00626629792867862
"serine-type carboxypeptidase activity",0,0,0
"isocitrate dehydrogenase activity",0,0,0
"n,n-dimethylaniline monooxygenase activity ",-0.324790094739734,0.002941946,0.00573276719381495
"deoxyribonuclease i activity",0,0,0
"alpha-amylase activity",0,0,0
"phospholipase d activity",0,0,0
"pyruvate dehydrogenase (acetyl-transferring) kinase activity",0,0,0
"ribose phosphate diphosphokinase activity",0,0,0
"complement receptor activity",0,0,0
"ephrin receptor activity",0,0,0
"transforming growth factor beta receptor activity, type i ",-0.370789686002723,0.003513856,0.00672579657456191
"nuclear export signal receptor activity",0,0,0
"map-kinase scaffold activity",0,0,0
"voltage-gated chloride channel activity",0,0,0
"inorganic phosphate transmembrane transporter activity",0,0,0
"organic acid transmembrane transporter activity",-0.74747187627721,0.025700884,0.0175403040784609
"copper ion transmembrane transporter activity",0,0,0
"profilin binding",0,0,0
"glucose binding",0,0,0
"high-density lipoprotein particle binding",0,0,0
"coa-transferase activity",0,0,0
"camp-dependent protein kinase regulator activity",-0.252458065170584,0.003170396,0.00614120210004941
"biotin binding",0,0,0
"thrombin-activated receptor activity",0,0,0
"amylase activity",0,0,0
"superoxide-generating nad(p)h oxidase activity",0,0,0
"inositol bisphosphate phosphatase activity",0,0,0
"oxidoreductase activity, acting on the ch-ch group of donors, oxygen as acceptor ",-0.198488848213673,0.002867312,0.0056290920626292
"oxidoreductase activity, acting on diphenols and related substances as donors ",0,0,0
"carbon-nitrogen ligase activity, with glutamine as amido-n-donor ",0,0,0
"ligase activity, forming phosphoric ester bonds ",0,0,0
"peptide hormone binding",0,0,0
"cyclohydrolase activity",0,0,0
"oxygen sensor activity",0,0,0
"ige binding",-0.263909266222794,0.003292368,0.00648847243792647
"c-x3-c chemokine binding",-0.287743759038592,0.003763266,0.00703148525882934
"estrogen receptor activity",5.03511665124115,0.003205244,0.00619543858875852
"lipid antigen binding",0,0,0
"endogenous lipid antigen binding",0,0,0
"exogenous lipid antigen binding",0,0,0
"histone deacetylase activity (h3-k14 specific)",-0.257187851048414,0.003251732,0.00638339639025545
"beta-1 adrenergic receptor binding",0,0,0
"beta-2 adrenergic receptor binding",0,0,0
"type 5 metabotropic glutamate receptor binding",0,0,0
"type 2a serotonin receptor binding",0,0,0
"nad-dependent histone deacetylase activity (h3-k14 specific)",-0.266673169141709,0.003304448,0.00635402506166481
"calmodulin-dependent protein phosphatase activity",0,0,0
"rna strand annealing activity",0,0,0
"apolipoprotein a-i binding",0,0,0
"peptide n-acetyltransferase activity",0,0,0
"box h/aca snorna binding",0,0,0
"inhibin binding",0,0,0
"ap-1 adaptor complex binding",0,0,0
"vascular endothelial growth factor binding",0,0,0
"neuregulin binding",0,0,0
"neuropilin binding",0,0,0
"erbb-3 class receptor binding",0,0,0
"mrf binding",0,0,0
"insulin binding",0,0,0
"small protein activating enzyme binding",0,0,0
"dna topoisomerase binding",-0.251619525407756,0.003655666,0.00713643345877105
"er retention sequence binding",0,0,0
"mitogen-activated protein kinase p38 binding",0,0,0
"nerve growth factor binding",0,0,0
"lys63-specific deubiquitinase activity",0,0,0
"d-loop dna binding",0,0,0
"lysophosphatidic acid receptor activity",0,0,0
"protein binding involved in heterotypic cell-cell adhesion",-0.177449820358197,0.00289014,0.00546712303253785
"cell adhesive protein binding involved in bundle of his cell-purkinje myocyte communication",-0.23644619889492,0.003357658,0.00608027537223772
"phosphatidylcholine floppase activity",0,0,0
"supercoiled dna binding",0,0,0
"alpha-amylase activity (releasing maltohexaose)",0,0,0
"u1 snrnp binding",0,0,0
"transferrin receptor binding",-0.312525370951606,0.003310922,0.00640243060557742
"vascular endothelial growth factor receptor binding",0,0,0
"metalloendopeptidase inhibitor activity",-0.351429698366356,0.006005116,0.00778282544905672
"acidic amino acid transmembrane transporter activity",-0.276087116015383,0.003075564,0.00599652755946697
"ligand-gated calcium channel activity",0,0,0
"protein carrier activity",0,0,0
"s-adenosyl-l-methionine binding",-0.310698958040348,0.003556272,0.00742285077023176
"inositol hexakisphosphate kinase activity",0,0,0
"carboxypeptidase activity",-0.433799500857306,0.00896412,0.0101293800276764
"jun kinase kinase kinase activity",0,0,0
"ribosomal protein s6 kinase activity",0,0,0
"ciliary neurotrophic factor receptor activity",-0.296900894773784,0.003364056,0.00664887184494369
"l-amino acid transmembrane transporter activity",-0.327853285602707,0.005966652,0.00822517912255363
"l-glutamine transmembrane transporter activity",0,0,0
"oxidoreductase activity, acting on a sulfur group of donors ",0,0,0
"dead/h-box rna helicase binding",0,0,0
"insulin-like growth factor ii binding",-0.482639832703696,0.006486666,0.00833678807126187
"5 -3*&*exodeoxyribonuclease activity",-0.210333443936755,0.002953854,0.00548583229753493
"androsterone dehydrogenase activity",0,0,0
"testosterone 17-beta-dehydrogenase (nadp+) activity",0,0,0
"calcium-independent phospholipase a2 activity",0,0,0
"peroxiredoxin activity",0,0,0
"inositol-1,4,5-trisphosphate 5-phosphatase activity ",-0.244644628971501,0.003139396,0.0062515004168686
"primary mirna binding",-0.202723242920463,0.00322394,0.00653077555847622
"cuprous ion binding",0,0,0
"retromer complex binding",0,0,0
"n6-methyladenosine-containing rna binding",0,0,0
"dna/dna annealing activity",0,0,0
"carboxy-lyase activity",-0.317343805275123,0.00637955,0.00875879709575631
"actin monomer binding",-0.364264795944285,0.007357146,0.00987508548739964
"oxidoreductase activity, acting on a heme group of donors ",0,0,0
"phosphatidylcholine binding",-0.206438789073521,0.00336604,0.00656872676925584
"receptor serine/threonine kinase binding",0,0,0
"histone deacetylase activity",-0.268667891685347,0.003363384,0.00652621341910663
"poly(a) binding",0,0,0
"telomerase rna binding",0,0,0
"anion transmembrane transporter activity",-0.908624547450753,0.038092792,0.0214123556914519
"cis-trans isomerase activity",-0.185927606496672,0.002990588,0.00575809058252552
"long-chain fatty acid transporter activity",-0.445449446272201,0.00909871,0.0100768112690774
"low-density lipoprotein particle binding",-0.205379544091891,0.003000766,0.00584657057892168
"alkali metal ion binding",-0.245499718541309,0.002832414,0.00526442151412296
"clathrin adaptor activity",0,0,0
"histone methyltransferase activity (h3-k4 specific)",0,0,0
"heparan sulfate proteoglycan binding",-0.372768717898212,0.006175978,0.00846631664211096
"isopeptidase activity",0,0,0
"n-acetyltransferase activity",-0.304874434486314,0.003434064,0.00644220629161403
"cyclin-dependent protein serine/threonine kinase inhibitor activity",0,0,0
"adenylate cyclase binding",0,0,0
"hydrolase activity, acting on ether bonds ",-0.294369826983552,0.00316343,0.00605846739890107
"chloride ion binding",-0.283645858622058,0.003287938,0.0064444374717123
"leucine zipper domain binding",0,0,0
"protein phosphatase activator activity",0,0,0
"glycerophospholipid flippase activity",0,0,0
"dna-directed dna polymerase activity",0,0,0
"glutathione peroxidase activity",-0.242546682950609,0.002942454,0.00561728564342991
"methyl-cpg binding",0,0,0
"nucleobase-containing compound transmembrane transporter activity",-0.246704111495568,0.003513874,0.00698761763454019
"carbon-carbon lyase activity",-0.292490259195145,0.006023266,0.0082849459898876
"udp-galactosyltransferase activity",-0.317322804067378,0.003273218,0.00643892583139458
"transforming growth factor beta binding",-0.212700183824188,0.003152198,0.00635729586918311
"alpha-tubulin binding",0,0,0
"protein serine phosphatase activity",-0.233445316031146,0.002679438,0.00526649247413459
"protein threonine phosphatase activity",-0.27644231650481,0.003028912,0.00571154235705636
"cysteine-type endopeptidase inhibitor activity",-0.551895362467007,0.009803926,0.0107519040810109
"microtubule motor activity",-0.477782179699529,0.010045878,0.0109377834126976
"hydrolase activity, acting on carbon-nitrogen (but not peptide) bonds, in linear amides ",-0.213898689497241,0.002666364,0.00493861838276305
"peroxidase activity",-0.50390262345783,0.009409236,0.0103179379466658
"s100 protein binding",-0.212771317884921,0.003711866,0.00719958881313373
"17-beta-hydroxysteroid dehydrogenase (nad+) activity",-0.222132707577435,0.003293166,0.00604668269994313
"sulfur compound transmembrane transporter activity",-0.487574818721105,0.009462118,0.0101771416600543
"peptidyl-prolyl cis-trans isomerase activity",-0.225424234249397,0.003480848,0.00692404703157676
"calcium channel activity",-0.491771044187117,0.01321405,0.0127174018761876
"atpase-coupled transmembrane transporter activity",-0.561269029425928,0.01326519,0.0133896395596362
"oxidoreductase activity, acting on nad(p)h, quinone or similar compound as acceptor ",-0.30559373930303,0.003509136,0.00637819349455722
"rna polymerase i transcription regulatory region sequence-specific dna binding",0,0,0
"rna polymerase i core promoter sequence-specific dna binding",0,0,0
"guanosine-diphosphatase activity",0,0,0
"cyclic nucleotide-dependent protein kinase activity",0,0,0
"5s rrna binding",0,0,0
"phosphatidylinositol transfer activity",0,0,0
"uridine-diphosphatase activity",0,0,0
"nucleoside-triphosphate diphosphatase activity",0,0,0
"phosphoserine residue binding",0,0,0
"sumo ligase activity",0,0,0
"coreceptor activity involved in wnt signaling pathway",0,0,0
"ubiquitin-protein transferase activator activity",-0.195150588852465,0.003115124,0.00576541432242666
"fibronectin binding",-0.266565573429846,0.003637698,0.00689398100570418
"nad+ adp-ribosyltransferase activity",-0.195619392420237,0.003183066,0.00584331638012872
"cytochrome-c oxidase activity",0,0,0
"long-chain fatty acid-coa ligase activity",-0.342635435632789,0.006279784,0.00895933018232814
"oxidoreductase activity, acting on single donors with incorporation of molecular oxygen, incorporation of two atoms of oxygen ",-0.599498084563481,0.013665336,0.0126528110686512
"nucleoside-diphosphatase activity",0,0,0
"membrane insertase activity",0,0,0
"g protein-coupled purinergic nucleotide receptor activity",-0.301620874035236,0.003380066,0.00659790542138511
"bioactive lipid receptor activity",0,0,0
"card domain binding",0,0,0
"voltage-gated potassium channel activity involved in cardiac muscle cell action potential repolarization",-0.223208810367327,0.002832328,0.00565536816366089
"cyclic nucleotide binding",0,0,0
"inward rectifier potassium channel activity",0,0,0
"mannose binding",0,0,0
"phosphotransferase activity, for other substituted phosphate groups ",0,0,0
"sialic acid binding",-0.285075312411187,0.002795542,0.00489534498163454
"metalloendopeptidase activity",-0.541669087177885,0.01580035,0.0135328933725781
"sodium ion transmembrane transporter activity",-0.559291612161089,0.015223,0.0128966711517971
"atpase activator activity",-0.240793518239665,0.003424028,0.0064953077285216
"peptide receptor activity",-0.468335813435935,0.009296042,0.0102192526445657
"rrna (adenine-n6,n6-)-dimethyltransferase activity ",0,0,0
"mismatch base pair dna n-glycosylase activity",0,0,0
"oxidized base lesion dna n-glycosylase activity",0,0,0
"tfiib-class transcription factor binding",4.73840682280055,0.003322836,0.00655856813527725
"n-acetylglucosamine 6-o-sulfotransferase activity",0,0,0
"calcitonin gene-related peptide receptor activity",0,0,0
"2 -5 -oligoadenylate synthetase activity",0,0,0
"opsonin binding",-0.370812676738778,0.006375402,0.00864426218701815
"opsonin receptor activity",0,0,0
"satellite dna binding",0,0,0
"beta-n-acetylglucosaminylglycopeptide beta-1,4-galactosyltransferase activity ",0,0,0
"6-phosphofructo-2-kinase activity",0,0,0
"acyl-coa oxidase activity",-0.303109278554422,0.003778406,0.00669199573722654
"cytochrome-b5 reductase activity, acting on nad(p)h ",0,0,0
"ethanolamine kinase activity",0,0,0
"inositol-polyphosphate 5-phosphatase activity",-0.235303111508027,0.002878324,0.00539017096659487
"malic enzyme activity",0,0,0
"rna-dna hybrid ribonuclease activity",-0.220433396405446,0.003225784,0.0064680943235005
"phosphorylase kinase activity",0,0,0
"uracil dna n-glycosylase activity",0,0,0
"extracellularly atp-gated cation channel activity",0,0,0
"transmembrane-ephrin receptor activity",0,0,0
"neurotrophin receptor activity",0,0,0
"type ii transforming growth factor beta receptor binding",0,0,0
"ryanodine-sensitive calcium-release channel activity",0,0,0
"a-type (transient outward) potassium channel activity",0,0,0
"sodium channel activity",-0.248144681055959,0.00375399,0.00698781852837285
"udp-galactose transmembrane transporter activity",0,0,0
"androgen binding",3.44508613257541,0.00331998,0.00661232234068139
"galactose binding",0,0,0
"oxysterol binding",0,0,0
"trna methyltransferase activity",0,0,0
"double-stranded dna exodeoxyribonuclease activity",-0.259432298578162,0.00338251,0.00609989584439973
"7s rna binding",0,0,0
"acetyltransferase activator activity",0,0,0
"cadmium ion transmembrane transporter activity",0,0,0
"thiosulfate transmembrane transporter activity",0,0,0
"oxaloacetate transmembrane transporter activity",0,0,0
"malate transmembrane transporter activity",0,0,0
"succinate transmembrane transporter activity",0,0,0
"l-cystine transmembrane transporter activity",0,0,0
"l-serine transmembrane transporter activity",0,0,0
"aminophospholipid flippase activity",0,0,0
"branched-chain amino acid transmembrane transporter activity",-0.209752677496356,0.00311407,0.00602647849404429
"acyl-coa desaturase activity",0,0,0
"small conductance calcium-activated potassium channel activity",0,0,0
"palmitoyl-coa oxidase activity",-0.215922745979537,0.002998288,0.00578117879307768
"oxidoreductase activity, acting on the ch-nh group of donors, oxygen as acceptor ",0,0,0
"oxidoreductase activity, acting on peroxide as acceptor ",-0.519700427367757,0.009779946,0.0107176090429853
"oxidoreductase activity, acting on paired donors, with oxidation of a pair of donors resulting in the reduction of molecular oxygen to two molecules of water ",0,0,0
"natriuretic peptide receptor activity",0,0,0
"intermediate filament binding",-0.362868408790059,0.003534286,0.00679112852016207
"glial cell-derived neurotrophic factor receptor binding",-0.392640890907146,0.003906204,0.00761052674135936
"very-low-density lipoprotein particle receptor activity",0,0,0
"protein phosphatase 2b binding",0,0,0
"bombesin receptor binding",-0.276193635533805,0.003278724,0.00615048205841834
"mu-type opioid receptor binding",0,0,0
"single base insertion or deletion binding",0,0,0
"mutsalpha complex binding",0,0,0
"apolipoprotein a-i receptor binding",0,0,0
"gpi anchor binding",0,0,0
"mitochondrial transcription factor activity",0,0,0
"3 -5*&*rna helicase activity",0,0,0
"phosphatidylinositol-3,4,5-trisphosphate 5-phosphatase activity ",-0.267314638970086,0.003534578,0.00719967304228098
"histone deacetylase regulator activity",0,0,0
"dihydrotestosterone 17-beta-dehydrogenase activity",0,0,0
"death effector domain binding",0,0,0
"mediator complex binding",0,0,0
"atp-dependent dna/dna annealing activity",0,0,0
"proteasome-activating activity",0,0,0
"ph domain binding",0,0,0
"tripeptide transmembrane transporter activity",-0.226596399217002,0.003226426,0.00598608806091843
"hlh domain binding",0,0,0
"phosphatidylinositol-4-phosphate phosphatase activity",0,0,0
"platelet-activating factor acetyltransferase activity",0,0,0
"calcium-induced calcium release activity",0,0,0
"icosatetraenoic acid binding",-0.334739693984815,0.006129102,0.00904912699160623
"dopamine receptor binding",0,0,0
"gdp-dissociation inhibitor binding",0,0,0
"mannose-ethanolamine phosphotransferase activity",0,0,0
"telomeric d-loop binding",0,0,0
"fibrinogen binding",-0.19378616652654,0.002945156,0.00590937950074555
"transmembrane receptor protein serine/threonine kinase binding",0,0,0
"peptidyl-lysine 5-dioxygenase activity",0,0,0
"lipoteichoic acid binding",0,0,0
"ring-like zinc finger domain binding",0,0,0
"wd40-repeat domain binding",0,0,0
"l27 domain binding",-0.318209304849755,0.003739456,0.00681770132719509
"mitochondrial ribosome binding",0,0,0
"deaminated base dna n-glycosylase activity",0,0,0
"amylin receptor activity",0,0,0
"calcitonin family binding",0,0,0
"cell-matrix adhesion mediator activity",0,0,0
"bmp receptor activity",-0.425941124089098,0.005948588,0.00835464762321381
"p-tefb complex binding",0,0,0
"catalytic activity, acting on rna ",-0.334982579064384,0.00635283,0.00869546711394848
"carbohydrate derivative transmembrane transporter activity",0,0,0
"bat3 complex binding",0,0,0
"heparan sulfate binding",-0.334360329150154,0.00383414,0.00701081975232563
"leptin receptor binding",-0.239717786341422,0.002854708,0.00581812480953569
"intronic transcription regulatory region sequence-specific dna binding",0,0,0
"transcription corepressor binding",0,0,0
"bile acid binding",0,0,0
"udp-glucosyltransferase activity",0,0,0
"peroxisome proliferator activated receptor binding",0,0,0
"sequence-specific mrna binding",0,0,0
"cullin family protein binding",0,0,0
"14-3-3 protein binding",0,0,0
"protein disulfide isomerase activity",0,0,0
"nad+ kinase activity",0,0,0
"oxidoreductase activity, acting on metal ions ",-0.512554642454593,0.007260602,0.00954162072667844
"intramolecular oxidoreductase activity, transposing s-s bonds ",0,0,0
"sphingolipid binding",0,0,0
"hydrolase activity, acting on carbon-nitrogen (but not peptide) bonds ",-0.400935543971604,0.006392272,0.00863548281527569
"transferase activity, transferring sulphur-containing groups ",0,0,0
"g protein-coupled peptide receptor activity",-0.498421086034642,0.009470116,0.00995165762239692
"glutathione transferase activity",-0.484727368405154,0.009173444,0.00993020884262664
"insulin-like growth factor binding",-0.581074028402388,0.009834248,0.0110265606219162
"galactosyltransferase activity",-0.308086542861392,0.002872736,0.00533206022159516
"oxidoreductase activity, acting on single donors with incorporation of molecular oxygen ",-0.525168680420888,0.012230622,0.0117117075509352
"ankyrin binding",0,0,0
"l-ascorbic acid binding",0,0,0
"acetylglucosaminyltransferase activity",-0.202216754143918,0.00342424,0.00684532795445244
"death receptor activity",0,0,0
"amino acid:sodium symporter activity",-0.250250699065882,0.002855982,0.00573817378077317
"l-glutamate transmembrane transporter activity",-0.250729456365404,0.00280816,0.00553648550163546
"amp binding",-0.212177299594577,0.003256638,0.00653527970546122
"myosin heavy chain binding",0,0,0
"dynactin binding",-0.209934330029554,0.00298702,0.00598768195665301
"inositol 1,4,5 trisphosphate binding ",0,0,0
"phosphatidylserine binding",-0.588281702105916,0.017745546,0.0154612084099165
"phosphatidylinositol-3-phosphate binding",0,0,0
"solute:cation antiporter activity",0,0,0
"acid-thiol ligase activity",-0.375196472945832,0.006359498,0.00839426334494007
"xenobiotic transmembrane transporter activity",-0.263920890674003,0.002998986,0.0054902285162026
"camp-dependent protein kinase inhibitor activity",0,0,0
"p-type calcium transporter activity",0,0,0
"protein prenyltransferase activity",0,0,0
"l-aspartate transmembrane transporter activity",-0.324091156652927,0.003894244,0.00763440763257141
"1-phosphatidylinositol-4-phosphate 5-kinase activity",0,0,0
"trna (cytosine) methyltransferase activity",0,0,0
"rrna (adenine) methyltransferase activity",0,0,0
"oxidoreductase activity, acting on the aldehyde or oxo group of donors, disulfide as acceptor ",0,0,0
"activin-activated receptor activity",0,0,0
"serine transmembrane transporter activity",0,0,0
"u1 snrna binding",0,0,0
"atp-gated ion channel activity",0,0,0
"7sk snrna binding",0,0,0
"proton transmembrane transporter activity",-0.330659589719514,0.006415978,0.0091210964199113
